,date,dn,dn1,day,month,year,hour,minute,z0,z1,z2,rawpar,modpar,corrpar,cloudless_flag,ratiop
8,2017-09-19 06:10:00+10:00,262,0,19,9,2017,6,10,87.77628497366663,0.9907918909504366,0.10246988448135426,16.4963,28.271399680687296,16.325731557260003,0,
9,2017-09-19 06:20:00+10:00,262,0,19,9,2017,6,20,85.41322796387217,0.9907918909504366,0.10246988448135426,43.6656,77.30742887435075,43.214106429119994,0,
10,2017-09-19 06:30:00+10:00,262,0,19,9,2017,6,30,83.05214186305756,0.9907918909504366,0.10246988448135426,87.9211,136.433738176384,87.01201341021999,0,
11,2017-09-19 06:40:00+10:00,262,0,19,9,2017,6,40,80.69354094282522,0.9907918909504366,0.10246988448135426,120.647,203.94139134554447,119.3995341494,0,
12,2017-09-19 06:50:00+10:00,262,0,19,9,2017,6,50,78.33796821955416,0.9907918909504366,0.10246988448135426,153.628,278.2109463459388,152.0395172056,0,
13,2017-09-19 07:00:00+10:00,262,0,19,9,2017,7,0,75.98600347609953,0.9907918909504366,0.10246988448135426,190.048,357.73123192164263,188.0829416896,0,
14,2017-09-19 07:10:00+10:00,262,0,19,9,2017,7,10,73.6382722445165,0.9907918909504366,0.10246988448135426,152.779,441.1135554951172,151.1992956958,0,
15,2017-09-19 07:20:00+10:00,262,0,19,9,2017,7,20,71.29545603046289,0.9907918909504366,0.10246988448135426,209.516,527.1013842412109,207.3496464632,0,
16,2017-09-19 07:30:00+10:00,262,0,19,9,2017,7,30,68.95830411521938,0.9907918909504366,0.10246988448135426,250.279,614.5756640431508,247.69116519579998,0,
17,2017-09-19 07:40:00+10:00,262,0,19,9,2017,7,40,66.62764734381216,0.9907918909504366,0.10246988448135426,271.308,702.5560521793097,268.5027295416,0,
18,2017-09-19 07:50:00+10:00,262,0,19,9,2017,7,50,64.3044144020803,0.9907918909504366,0.10246988448135426,305.085,790.198436211969,301.930482117,0,
19,2017-09-19 08:00:00+10:00,262,0,19,9,2017,8,0,61.98965120770763,0.9907918909504366,0.10246988448135426,380.724,876.789191379463,376.7873899848,0,
20,2017-09-19 08:10:00+10:00,262,0,19,9,2017,8,10,59.68454419809798,0.9907918909504366,0.10246988448135426,356.187,961.7366901495901,352.5040976574,0,
21,2017-09-19 08:20:00+10:00,262,0,19,9,2017,8,20,57.390448501672445,0.9907918909504366,0.10246988448135426,244.306,1044.5606194228287,241.7799248212,0,
22,2017-09-19 08:30:00+10:00,262,0,19,9,2017,8,30,55.10892224169229,0.9907918909504366,0.10246988448135426,257.161,1124.8796827709252,254.5020066922,0,
23,2017-09-19 08:40:00+10:00,262,0,19,9,2017,8,40,52.841768559282265,0.9907918909504366,0.10246988448135426,282.783,1202.3982672946577,279.8590803366,0,
24,2017-09-19 08:50:00+10:00,262,0,19,9,2017,8,50,50.591087374590096,0.9907918909504366,0.10246988448135426,375.366,1276.892638036283,371.48479063319996,0,
25,2017-09-19 09:00:00+10:00,262,0,19,9,2017,9,0,48.35933945439671,0.9907918909504366,0.10246988448135426,550.14,1348.1971888159558,544.451662428,0,
26,2017-09-19 09:10:00+10:00,262,0,19,9,2017,9,10,46.149426043847534,0.9907918909504366,0.10246988448135426,658.369,1416.1912288212607,651.5615962138,0,
27,2017-09-19 09:20:00+10:00,262,0,19,9,2017,9,20,43.96478816653496,0.9907918909504366,0.10246988448135426,636.546,1480.7867216496259,629.9642416692001,0,
28,2017-09-19 09:30:00+10:00,262,0,19,9,2017,9,30,41.80953069911283,0.9907918909504366,0.10246988448135426,802.107,1541.917320522104,793.8133740413999,0,
29,2017-09-19 09:40:00+10:00,262,0,19,9,2017,9,40,39.68857743556853,0.9907918909504366,0.10246988448135426,829.235,1599.5289630460363,820.660875947,0,
30,2017-09-19 09:50:00+10:00,262,0,19,9,2017,9,50,37.60786442350662,0.9907918909504366,0.10246988448135426,954.816,1653.5722043461546,944.9433935232,0,
31,2017-09-19 10:00:00+10:00,262,0,19,9,2017,10,0,35.57457953106765,0.9907918909504366,0.10246988448135426,918.734,1703.9963817945961,909.2344741868001,0,
32,2017-09-19 10:10:00+10:00,262,0,19,9,2017,10,10,33.597455760781834,0.9907918909504366,0.10246988448135426,820.544,1750.745621071878,812.0597391488,0,
33,2017-09-19 10:20:00+10:00,262,0,19,9,2017,10,20,31.687122864979834,0.9907918909504366,0.10246988448135426,896.758,1793.7566148373724,887.4857016316,0,
34,2017-09-19 10:30:00+10:00,262,0,19,9,2017,10,30,29.85651382670845,0.9907918909504366,0.10246988448135426,1039.83,1832.9580345693678,1029.078365766,0,
35,2017-09-19 10:40:00+10:00,262,0,19,9,2017,10,40,28.121305627628086,0.9907918909504366,0.10246988448135426,953.653,1868.271375491631,943.7924187106,0,
36,2017-09-19 10:50:00+10:00,262,0,19,9,2017,10,50,26.500341505253278,0.9907918909504366,0.10246988448135426,904.381,1899.6129858512677,895.0298813362,0,
37,2017-09-19 11:00:00+10:00,262,0,19,9,2017,11,0,25.015928137486814,0.9907918909504366,0.10246988448135426,644.925,1926.896996585413,638.2566044849999,0,
38,2017-09-19 11:10:00+10:00,262,0,19,9,2017,11,10,23.69382400534748,0.9907918909504366,0.10246988448135426,606.412,1950.0388465210642,600.1418212024,0,
39,2017-09-19 11:20:00+10:00,262,0,19,9,2017,11,20,22.56264967250632,0.9907918909504366,0.10246988448135426,517.531,1968.9590920546757,512.1798329661999,0,
40,2017-09-19 11:30:00+10:00,262,0,19,9,2017,11,30,21.652408514807505,0.9907918909504366,0.10246988448135426,455.263,1983.5871985642295,450.55567163259997,0,
41,2017-09-19 11:40:00+10:00,262,0,19,9,2017,11,40,20.991906543499336,0.9907918909504366,0.10246988448135426,600.124,1993.865032885639,593.9188378648,0,
42,2017-09-19 11:50:00+10:00,262,0,19,9,2017,11,50,20.6052068641001,0.9907918909504366,0.10246988448135426,548.814,1999.7498107990762,543.1393730028,0,
43,2017-09-19 12:00:00+10:00,262,0,19,9,2017,12,0,20.50782272633377,0.9907918909504366,0.10246988448135426,588.94,2001.2162989222857,582.850478188,0,
44,2017-09-19 12:10:00+10:00,262,0,19,9,2017,12,10,20.703841692589553,0.9907918909504366,0.10246988448135426,597.13,1998.2581246061138,590.955795226,0,
45,2017-09-19 12:20:00+10:00,262,0,19,9,2017,12,20,21.18511192706234,0.9907918909504366,0.10246988448135426,467.327,1990.888107963891,462.4949322854,0,
46,2017-09-19 12:30:00+10:00,262,0,19,9,2017,12,30,21.932841744995393,0.9907918909504366,0.10246988448135426,523.799,1979.13759440413,518.3830230998,0,
47,2017-09-19 12:40:00+10:00,262,0,19,9,2017,12,40,22.92093474934224,0.9907918909504366,0.10246988448135426,602.384,1963.054831204239,596.1554699168,0,
48,2017-09-19 12:50:00+10:00,262,0,19,9,2017,12,50,24.119824484826484,0.9907918909504366,0.10246988448135426,797.037,1942.7024949575034,788.7957968274001,0,
49,2017-09-19 13:00:00+10:00,262,0,19,9,2017,13,0,25.499742174780284,0.9907918909504366,0.10246988448135426,849.48,1918.1545354097955,840.696546696,0,
50,2017-09-19 13:10:00+10:00,262,0,19,9,2017,13,10,27.032917689151596,0.9907918909504366,0.10246988448135426,846.037,1889.4925527059393,837.2891466274,0,
51,2017-09-19 13:20:00+10:00,262,0,19,9,2017,13,20,28.694725929052545,0.9907918909504366,0.10246988448135426,967.261,1856.8019670777383,957.2597147122,0,
52,2017-09-19 13:30:00+10:00,262,0,19,9,2017,13,30,30.464047089134304,0.9907918909504366,0.10246988448135426,621.118,1820.1682705603282,614.6957641036,0,
53,2017-09-19 13:40:00+10:00,262,0,19,9,2017,13,40,32.32314812435096,0.9907918909504366,0.10246988448135426,294.948,1779.6736678717157,291.8982966696,0,
54,2017-09-19 13:50:00+10:00,262,0,19,9,2017,13,50,34.257327127495074,0.9907918909504366,0.10246988448135426,109.83,1735.3944170606042,108.694379766,0,
55,2017-09-19 14:00:00+10:00,262,0,19,9,2017,14,0,36.2544761049269,0.9907918909504366,0.10246988448135426,247.436,1687.3991693679511,244.8775612472,0,
56,2017-09-19 14:10:00+10:00,262,0,19,9,2017,14,10,38.3046478636651,0.9907918909504366,0.10246988448135426,207.317,1635.7485819525368,205.1733836834,0,
57,2017-09-19 14:20:00+10:00,262,0,19,9,2017,14,20,40.399666835155706,0.9907918909504366,0.10246988448135426,215.398,1580.4964372477405,213.1708277596,0,
58,2017-09-19 14:30:00+10:00,262,0,19,9,2017,14,30,42.53279727707388,0.9907918909504366,0.10246988448135426,249.002,1521.6924498355393,246.42736912040002,0,
59,2017-09-19 14:40:00+10:00,262,0,19,9,2017,14,40,44.69846881547006,0.9907918909504366,0.10246988448135426,245.627,1459.3868774461218,243.08726594540002,0,
60,2017-09-19 14:50:00+10:00,262,0,19,9,2017,14,50,46.892053365490625,0.9907918909504366,0.10246988448135426,212.878,1393.6369790839397,210.67688405559997,0,
61,2017-09-19 15:00:00+10:00,262,0,19,9,2017,15,0,49.109685571578545,0.9907918909504366,0.10246988448135426,223.51,1324.5152828104285,221.19895130199998,0,
62,2017-09-19 15:10:00+10:00,262,0,19,9,2017,15,10,51.348118958327284,0.9907918909504366,0.10246988448135426,280.413,1252.1195411696303,277.5135856626,0,
63,2017-09-19 15:20:00+10:00,262,0,19,9,2017,15,20,53.60461084894615,0.9907918909504366,0.10246988448135426,284.346,1176.5841666472854,281.4059192292,0,
64,2017-09-19 15:30:00+10:00,262,0,19,9,2017,15,30,55.87683021585931,0.9907918909504366,0.10246988448135426,212.328,1098.092856062079,210.1325709456,0,
65,2017-09-19 15:40:00+10:00,262,0,19,9,2017,15,40,58.16278371093091,0.9907918909504366,0.10246988448135426,242.282,1016.8920345827506,239.77685257640002,0,
66,2017-09-19 15:50:00+10:00,262,0,19,9,2017,15,50,60.46075607465107,0.9907918909504366,0.10246988448135426,246.338,933.304680250757,243.7909143476,0,
67,2017-09-19 16:00:00+10:00,262,0,19,9,2017,16,0,62.76926191602113,0.9907918909504366,0.10246988448135426,270.729,847.7440313827601,267.9297162858,0,
68,2017-09-19 16:10:00+10:00,262,0,19,9,2017,16,10,65.08700649463601,0.9907918909504366,0.10246988448135426,256.24,760.7266346591397,253.590529648,0,
69,2017-09-19 16:20:00+10:00,262,0,19,9,2017,16,20,67.41285364373118,0.9907918909504366,0.10246988448135426,189.96,672.8841633195916,187.995851592,0,
70,2017-09-19 16:30:00+10:00,262,0,19,9,2017,16,30,69.74579937089727,0.9907918909504366,0.10246988448135426,113.211,584.9734244622368,112.0404209022,0,
71,2017-09-19 16:40:00+10:00,262,0,19,9,2017,16,40,72.08494998339911,0.9907918909504366,0.10246988448135426,97.0124,497.8839832190007,96.00931118648,0,
72,2017-09-19 16:50:00+10:00,262,0,19,9,2017,16,50,74.4295038260791,0.9907918909504366,0.10246988448135426,107.095,412.6428602048858,105.987659119,0,
73,2017-09-19 17:00:00+10:00,262,0,19,9,2017,17,0,76.7787359067672,0.9907918909504366,0.10246988448135426,111.499,330.41580713198505,110.3461226398,0,
74,2017-09-19 17:10:00+10:00,262,0,19,9,2017,17,10,79.13198482893239,0.9907918909504366,0.10246988448135426,79.5937,252.50473321525368,78.77071706074,0,
75,2017-09-19 17:20:00+10:00,262,0,19,9,2017,17,20,81.48864156332974,0.9907918909504366,0.10246988448135426,51.9031,180.3409407083948,51.36643232662,0,
76,2017-09-19 17:30:00+10:00,262,0,19,9,2017,17,30,83.84813967680861,0.9907918909504366,0.10246988448135426,19.1635,115.4739297093302,18.965353242699997,0,
77,2017-09-19 17:40:00+10:00,262,0,19,9,2017,17,40,86.20994670272493,0.9907918909504366,0.10246988448135426,-0.783516,59.55564780538004,-0.7754146012631999,0,
78,2017-09-19 17:50:00+10:00,262,0,19,9,2017,17,50,88.57355638768043,0.9907918909504366,0.10246988448135426,-1.11757,14.320186216121066,-1.106014549714,0,
151,2017-09-20 06:00:00+10:00,263,1,20,9,2017,6,0,89.92684215501606,0.9913507586266431,0.1087239960562311,2.48447,-6.075166312091734,2.459084430881,0,
152,2017-09-20 06:10:00+10:00,263,1,20,9,2017,6,10,87.5618328711836,0.9913507586266431,0.1087239960562311,10.7822,32.27587692115921,10.67203071506,0,
153,2017-09-20 06:20:00+10:00,263,1,20,9,2017,6,20,85.19810454891935,0.9913507586266431,0.1087239960562311,20.3069,82.34738055460893,20.09941018787,0,
154,2017-09-20 06:30:00+10:00,263,1,20,9,2017,6,30,82.83614711522443,0.9913507586266431,0.1087239960562311,32.8322,142.36973577269785,32.49673043006,0,
155,2017-09-20 06:40:00+10:00,263,1,20,9,2017,6,40,80.47647049262943,0.9913507586266431,0.1087239960562311,72.5708,210.64109973041298,71.82929333684001,0,
156,2017-09-20 06:50:00+10:00,263,1,20,9,2017,6,50,78.11961184830243,0.9913507586266431,0.1087239960562311,101.491,285.5503950282363,100.4539954093,0,
157,2017-09-20 07:00:00+10:00,263,1,20,9,2017,7,0,75.76614354399995,0.9913507586266431,0.1087239960562311,107.389,365.59581919800996,106.2917314147,0,
158,2017-09-20 07:10:00+10:00,263,1,20,9,2017,7,10,73.41668202549398,0.9913507586266431,0.1087239960562311,133.11,449.3987815998118,131.749921953,0,
159,2017-09-20 07:20:00+10:00,263,1,20,9,2017,7,20,71.07189793144008,0.9913507586266431,0.1087239960562311,110.464,535.7133162443465,109.3353119872,0,
160,2017-09-20 07:30:00+10:00,263,1,20,9,2017,7,30,68.73252775700773,0.9913507586266431,0.1087239960562311,104.184,623.4311415563532,103.1194791432,0,
161,2017-09-20 07:40:00+10:00,263,1,20,9,2017,7,40,66.39938748047565,0.9913507586266431,0.1087239960562311,178.626,711.5826487272379,176.8008531198,0,
162,2017-09-20 07:50:00+10:00,263,1,20,9,2017,7,50,64.07338865609447,0.9913507586266431,0.1087239960562311,222.799,799.3341962803275,220.5225066577,0,
163,2017-09-20 08:00:00+10:00,263,1,20,9,2017,8,0,61.755557600080685,0.9913507586266431,0.1087239960562311,245.227,885.9821675389782,242.72134408210002,0,
164,2017-09-20 08:10:00+10:00,263,1,20,9,2017,8,10,59.44705845683706,0.9913507586266431,0.1087239960562311,373.032,970.9443081898619,369.2204709336,0,
165,2017-09-20 08:20:00+10:00,263,1,20,9,2017,8,20,57.14922114011108,0.9913507586266431,0.1087239960562311,373.206,1053.7489020452072,369.39269305380003,0,
166,2017-09-20 08:30:00+10:00,263,1,20,9,2017,8,30,54.86357541262178,0.9913507586266431,0.1087239960562311,586.346,1134.0223640491108,580.3548924758,0,
167,2017-09-20 08:40:00+10:00,263,1,20,9,2017,8,40,52.591892715224674,0.9913507586266431,0.1087239960562311,674.734,1211.4758308070088,667.8397704082,0,
168,2017-09-20 08:50:00+10:00,263,1,20,9,2017,8,50,50.33623780454926,0.9913507586266431,0.1087239960562311,635.533,1285.891311324591,629.0393144659,0,
169,2017-09-20 09:00:00+10:00,263,1,20,9,2017,9,0,48.099032831652096,0.9913507586266431,0.1087239960562311,479.498,1357.1079256777748,474.5986332854,0,
170,2017-09-20 09:10:00+10:00,263,1,20,9,2017,9,10,45.88313722091824,0.9913507586266431,0.1087239960562311,1083.82,1425.008708967579,1072.745852386,0,
171,2017-09-20 09:20:00+10:00,263,1,20,9,2017,9,20,43.69194761205096,0.9913507586266431,0.1087239960562311,904.236,1489.5083945495255,894.9967878228,0,
172,2017-09-20 09:30:00+10:00,263,1,20,9,2017,9,30,41.52952321618445,0.9913507586266431,0.1087239960562311,932.518,1550.542516922384,922.9898108314001,0,
173,2017-09-20 09:40:00+10:00,263,1,20,9,2017,9,40,39.400743174482145,0.9913507586266431,0.1087239960562311,741.994,1608.0580938227008,734.4125279062,0,
174,2017-09-20 09:50:00+10:00,263,1,20,9,2017,9,50,37.31150376144035,0.9913507586266431,0.1087239960562311,1615.25,1662.006062152974,1598.745860075,0,
175,2017-09-20 10:00:00+10:00,263,1,20,9,2017,10,0,35.26896421242593,0.9913507586266431,0.1087239960562311,1707.04,1712.335556564577,1689.597977392,0,
176,2017-09-20 10:10:00+10:00,263,1,20,9,2017,10,10,33.281849854113226,0.9913507586266431,0.1087239960562311,1834.07,1758.990035945055,1815.330022961,0,
177,2017-09-20 10:20:00+10:00,263,1,20,9,2017,10,20,31.360818646341684,0.9913507586266431,0.1087239960562311,1954.34,1801.9051846746945,1934.3711401819999,0,
178,2017-09-20 10:30:00+10:00,263,1,20,9,2017,10,30,29.518889570041285,0.9913507586266431,0.1087239960562311,1407.34,1841.00844500231,1392.960222082,0,
179,2017-09-20 10:40:00+10:00,263,1,20,9,2017,10,40,27.771914064283152,0.9913507586266431,0.1087239960562311,356.918,1876.2199765740527,353.2711189514,0,
180,2017-09-20 10:50:00+10:00,263,1,20,9,2017,10,50,26.1390382887154,0.9913507586266431,0.1087239960562311,2014.24,1907.454790932939,1993.659099952,0,
181,2017-09-20 11:00:00+10:00,263,1,20,9,2017,11,0,24.643046639193,0.9913507586266431,0.1087239960562311,2061.83,1934.6257741065763,2040.762839609,0,
182,2017-09-20 11:10:00+10:00,263,1,20,9,2017,11,10,23.31039217570501,0.9913507586266431,0.1087239960562311,2038.33,1957.6472901054515,2017.502955559,0,
183,2017-09-20 11:20:00+10:00,263,1,20,9,2017,11,20,22.17062189684474,0.9913507586266431,0.1087239960562311,2065.24,1976.439052603479,2044.1379972519999,0,
184,2017-09-20 11:30:00+10:00,263,1,20,9,2017,11,30,21.25484965777751,0.9913507586266431,0.1087239960562311,782.492,1990.9299610518228,774.4967314915999,0,
185,2017-09-20 11:40:00+10:00,263,1,20,9,2017,11,40,20.59302913398424,0.9913507586266431,0.1087239960562311,1286.24,2001.06162023213,1273.097585552,0,
186,2017-09-20 11:50:00+10:00,263,1,20,9,2017,11,50,20.21015830977938,0.9913507586266431,0.1087239960562311,203.278,2006.791297525243,201.2009663794,0,
187,2017-09-20 12:00:00+10:00,263,1,20,9,2017,12,0,20.122185747561065,0.9913507586266431,0.1087239960562311,1621.39,2008.0941182377103,1604.823123397,0,
188,2017-09-20 12:10:00+10:00,263,1,20,9,2017,12,10,20.332943855110347,0.9913507586266431,0.1087239960562311,1791.15,2004.9643540802824,1772.8485666450001,0,
189,2017-09-20 12:20:00+10:00,263,1,20,9,2017,12,20,20.833358247472074,0.9913507586266431,0.1087239960562311,2054.27,1997.415720904673,2033.280085421,0,
190,2017-09-20 12:30:00+10:00,263,1,20,9,2017,12,30,21.603285999264177,0.9913507586266431,0.1087239960562311,2045.66,1985.4806664258447,2024.758059818,0,
191,2017-09-20 12:40:00+10:00,263,1,20,9,2017,12,40,22.615181329985372,0.9913507586266431,0.1087239960562311,1997.85,1969.2086941057182,1977.436568055,0,
192,2017-09-20 12:50:00+10:00,263,1,20,9,2017,12,50,23.83820365771778,0.9913507586266431,0.1087239960562311,1959.84,1948.6638328390186,1939.8149428319998,0,
193,2017-09-20 13:00:00+10:00,263,1,20,9,2017,13,0,25.241625870856584,0.9913507586266431,0.1087239960562311,1814.23,1923.9214208235267,1795.692742129,0,
194,2017-09-20 13:10:00+10:00,263,1,20,9,2017,13,10,26.79705363450192,0.9913507586266431,0.1087239960562311,1915.32,1895.0644234456597,1895.749834836,0,
195,2017-09-20 13:20:00+10:00,263,1,20,9,2017,13,20,28.479518991150464,0.9913507586266431,0.1087239960562311,1826.44,1862.179546862391,1807.7779840120002,0,
196,2017-09-20 13:30:00+10:00,263,1,20,9,2017,13,30,30.26776465058126,0.9913507586266431,0.1087239960562311,1888.83,1825.3534392541064,1869.530501709,0,
197,2017-09-20 13:40:00+10:00,263,1,20,9,2017,13,40,32.144054568030526,0.9913507586266431,0.1087239960562311,1814.8,1784.6692889233857,1796.25691804,0,
198,2017-09-20 13:50:00+10:00,263,1,20,9,2017,13,50,34.09376334465318,0.9913507586266431,0.1087239960562311,1761.63,1740.2041314645708,1743.6301931490002,0,
199,2017-09-20 14:00:00+10:00,263,1,20,9,2017,14,0,36.104900802937586,0.9913507586266431,0.1087239960562311,1704.05,1692.0271665938963,1686.638528315,0,
200,2017-09-20 14:10:00+10:00,263,1,20,9,2017,14,10,38.167654336186246,0.9913507586266431,0.1087239960562311,1544.61,1640.1993589230215,1528.8276384029998,0,
201,2017-09-20 14:20:00+10:00,263,1,20,9,2017,14,20,40.2739850084532,0.9913507586266431,0.1087239960562311,1523.26,1584.7745565476366,1507.695786298,0,
202,2017-09-20 14:30:00+10:00,263,1,20,9,2017,14,30,42.41728756213614,0.9913507586266431,0.1087239960562311,1349.47,1525.8023079176758,1335.681520381,0,
203,2017-09-20 14:40:00+10:00,263,1,20,9,2017,14,40,44.59211187914641,0.9913507586266431,0.1087239960562311,1423.58,1463.3324926784603,1409.034286634,0,
204,2017-09-20 14:50:00+10:00,263,1,20,9,2017,14,50,46.79393829368332,0.9913507586266431,0.1087239960562311,1295.32,1397.4218081083582,1282.0848088359999,0,
205,2017-09-20 15:00:00+10:00,263,1,20,9,2017,15,0,49.01899783981283,0.9913507586266431,0.1087239960562311,1162.66,1328.1420719129355,1150.780288918,0,
206,2017-09-20 15:10:00+10:00,263,1,20,9,2017,15,10,51.26412896794641,0.9913507586266431,0.1087239960562311,1175.39,1255.5902172728663,1163.3802175970002,0,
207,2017-09-20 15:20:00+10:00,263,1,20,9,2017,15,20,53.52666339183297,0.9913507586266431,0.1087239960562311,1163.38,1179.8997702175557,1151.492932174,0,
208,2017-09-20 15:30:00+10:00,263,1,20,9,2017,15,30,55.804335000509546,0.9913507586266431,0.1087239960562311,1037.63,1101.2535157731147,1027.0278079490001,0,
209,2017-09-20 15:40:00+10:00,263,1,20,9,2017,15,40,58.095206954355696,0.9913507586266431,0.1087239960562311,974.242,1019.8969811011464,964.2874875166,0,
210,2017-09-20 15:50:00+10:00,263,1,20,9,2017,15,50,60.397613097475386,0.9913507586266431,0.1087239960562311,918.335,936.1522941097458,908.9517284705,0,
211,2017-09-20 16:00:00+10:00,263,1,20,9,2017,16,0,62.710110647034384,0.9913507586266431,0.1087239960562311,835.678,850.4319176960962,827.1392928994,0,
212,2017-09-20 16:10:00+10:00,263,1,20,9,2017,16,10,65.03144178048629,0.9913507586266431,0.1087239960562311,683.016,763.2517154943115,676.0371474167999,0,
213,2017-09-20 16:20:00+10:00,263,1,20,9,2017,16,20,67.36050226011116,0.9913507586266431,0.1087239960562311,626.678,675.2427769889312,620.2747921994,0,
214,2017-09-20 16:30:00+10:00,263,1,20,9,2017,16,30,69.69631563791236,0.9913507586266431,0.1087239960562311,603.821,587.1614198789927,597.6513381683001,0,
215,2017-09-20 16:40:00+10:00,263,1,20,9,2017,16,40,72.03801189661965,0.9913507586266431,0.1087239960562311,494.243,499.8967968645107,489.1929732989,0,
216,2017-09-20 16:50:00+10:00,263,1,20,9,2017,16,50,74.38480962423368,0.9913507586266431,0.1087239960562311,431.764,414.47556320640774,427.3523649772,0,
217,2017-09-20 17:00:00+10:00,263,1,20,9,2017,17,0,76.73600100614519,0.9913507586266431,0.1087239960562311,339.759,332.06311048230225,336.2874444657,0,
218,2017-09-20 17:10:00+10:00,263,1,20,9,2017,17,10,79.09093906283132,0.9913507586266431,0.1087239960562311,287.752,253.96094027758505,284.8118363896,0,
219,2017-09-20 17:20:00+10:00,263,1,20,9,2017,17,20,81.44902667208797,0.9913507586266431,0.1087239960562311,190.941,181.5998378247158,188.9900221443,0,
220,2017-09-20 17:30:00+10:00,263,1,20,9,2017,17,30,83.8097070000371,0.9913507586266431,0.1087239960562311,131.196,116.52860792687187,129.8554786308,0,
221,2017-09-20 17:40:00+10:00,263,1,20,9,2017,17,40,86.17245503031009,0.9913507586266431,0.1087239960562311,72.0822,60.398251394263625,71.34568570506,0,
222,2017-09-20 17:50:00+10:00,263,1,20,9,2017,17,50,88.53676993001704,0.9913507586266431,0.1087239960562311,38.4434,14.941586691585355,38.05059687182,0,
295,2017-09-21 06:00:00+10:00,264,2,21,9,2017,6,0,89.71299006575883,0.9919127824343819,0.1149550015712187,17.6958,-3.1388792483732306,17.51715028152,0,
296,2017-09-21 06:10:00+10:00,264,2,21,9,2017,6,10,87.34758755969084,0.9919127824343819,0.1149550015712187,19.6579,36.37761934642469,19.459441704760003,0,
297,2017-09-21 06:20:00+10:00,264,2,21,9,2017,6,20,84.98326837797913,0.9919127824343819,0.1149550015712187,36.8008,87.46922425023266,36.42927384352,0,
298,2017-09-21 06:30:00+10:00,264,2,21,9,2017,6,30,82.62051961356255,0.9919127824343819,0.1149550015712187,178.781,148.37220870852886,176.9760985364,0,
299,2017-09-21 06:40:00+10:00,264,2,21,9,2017,6,40,80.25984689393283,0.9919127824343819,0.1149550015712187,298.051,217.3921042480445,295.0419963244,0,
300,2017-09-21 06:50:00+10:00,264,2,21,9,2017,6,50,77.90178157657654,0.9919127824343819,0.1149550015712187,261.357,292.9264408679232,258.71844427080003,0,
301,2017-09-21 07:00:00+10:00,264,2,21,9,2017,7,0,75.5468886236397,0.9919127824343819,0.1149550015712187,349.726,373.4829876379044,346.1953061944,0,
302,2017-09-21 07:10:00+10:00,264,2,21,9,2017,7,10,73.19577539362703,0.9919127824343819,0.1149550015712187,429.152,457.69341792545686,424.8194530688,0,
303,2017-09-21 07:20:00+10:00,264,2,21,9,2017,7,20,70.84910162912843,0.9919127824343819,0.1149550015712187,732.353,544.3224543751699,724.9594570531999,0,
304,2017-09-21 07:30:00+10:00,264,2,21,9,2017,7,30,68.50759097492245,0.9919127824343819,0.1149550015712187,647.524,632.2726708840662,640.9868567056,0,
305,2017-09-21 07:40:00+10:00,264,2,21,9,2017,7,40,66.17204443392285,0.9919127824343819,0.1149550015712187,870.731,720.5852389161744,861.9404481164,0,
306,2017-09-21 07:50:00+10:00,264,2,21,9,2017,7,50,63.84335626415406,0.9919127824343819,0.1149550015712187,510.492,808.4370008079209,505.3382769648,0,
307,2017-09-21 08:00:00+10:00,264,2,21,9,2017,8,0,61.52253294471787,0.9919127824343819,0.1149550015712187,364.689,895.1343310045188,361.00724573160005,0,
308,2017-09-21 08:10:00+10:00,264,2,21,9,2017,8,10,59.210716001114825,0.9919127824343819,0.1149550015712187,366.959,980.1043058046346,363.2543287196,0,
309,2017-09-21 08:20:00+10:00,264,2,21,9,2017,8,20,56.909209691555304,0.9919127824343819,0.1149550015712187,568.633,1062.8837421775281,562.8923086852001,0,
310,2017-09-21 08:30:00+10:00,264,2,21,9,2017,8,30,54.619514830699345,0.9919127824343819,0.1149550015712187,510.783,1143.1066862017315,505.6263391452,0,
311,2017-09-21 08:40:00+10:00,264,2,21,9,2017,8,40,52.34337038441507,0.9919127824343819,0.1149550015712187,495.579,1220.4909319483124,490.5758326476,0,
312,2017-09-21 08:50:00+10:00,264,2,21,9,2017,8,50,50.08280493225038,0.9919127824343819,0.1149550015712187,449.331,1294.8241331028944,444.7947339564,0,
313,2017-09-21 09:00:00+10:00,264,2,21,9,2017,9,0,47.84020069186036,0.9919127824343819,0.1149550015712187,237.306,1365.9500337700686,234.9102535464,0,
314,2017-09-21 09:10:00+10:00,264,2,21,9,2017,9,10,45.61837356362419,0.9919127824343819,0.1149550015712187,480.181,1433.7552937245487,475.33328469639997,0,
315,2017-09-21 09:20:00+10:00,264,2,21,9,2017,9,20,43.42067361494486,0.9919127824343819,0.1149550015712187,1480.84,1498.157319293255,1465.890031696,0,
316,2017-09-21 09:30:00+10:00,264,2,21,9,2017,9,30,41.25111160012665,0.9919127824343819,0.1149550015712187,1431.12,1559.09343684523,1416.671984928,0,
317,2017-09-21 09:40:00+10:00,264,2,21,9,2017,9,40,39.11451848210269,0.9919127824343819,0.1149550015712187,1754.89,1616.5116645530334,1737.173332516,0,
318,2017-09-21 09:50:00+10:00,264,2,21,9,2017,9,50,37.016746372535,0.9919127824343819,0.1149550015712187,1768.53,1670.3632528331498,1750.675628532,0,
319,2017-09-21 10:00:00+10:00,264,2,21,9,2017,10,0,34.96492052405375,0.9919127824343819,0.1149550015712187,1812.16,1720.5970778714727,1793.865157504,0,
320,2017-09-21 10:10:00+10:00,264,2,21,9,2017,10,10,32.96775228329671,0.9919127824343819,0.1149550015712187,1852.63,1767.1558890174574,1833.9265885720001,0,
321,2017-09-21 10:20:00+10:00,264,2,21,9,2017,10,20,31.035920792830467,0.9919127824343819,0.1149550015712187,1894.56,1809.9743325349918,1875.433280064,0,
322,2017-09-21 10:30:00+10:00,264,2,21,9,2017,10,30,29.182523961930684,0.9919127824343819,0.1149550015712187,1924.67,1848.9786039048076,1905.2393015480002,0,
323,2017-09-21 10:40:00+10:00,264,2,21,9,2017,10,40,27.423582019935473,0.9919127824343819,0.1149550015712187,93.9613,1884.0875208995067,93.01270429972,0,
324,2017-09-21 10:50:00+10:00,264,2,21,9,2017,10,50,25.778542423383886,0.9919127824343819,0.1149550015712187,78.3385,1915.2147618843348,77.5476258394,0,
325,2017-09-21 11:00:00+10:00,264,2,21,9,2017,11,0,24.27067387742056,0.9919127824343819,0.1149550015712187,1991.91,1942.271979632272,1971.800473404,0,
326,2017-09-21 11:10:00+10:00,264,2,21,9,2017,11,10,22.927144321922516,0.9919127824343819,0.1149550015712187,1930.92,1965.1724812497969,1911.426204048,0,
327,2017-09-21 11:20:00+10:00,264,2,21,9,2017,11,20,21.778466342985524,0.9919127824343819,0.1149550015712187,2024.42,1983.8351599071304,2003.9822654480001,0,
328,2017-09-21 11:30:00+10:00,264,2,21,9,2017,11,30,20.856923060341167,0.9919127824343819,0.1149550015712187,2027.37,1998.1883737165185,2006.9024834279999,0,
329,2017-09-21 11:40:00+10:00,264,2,21,9,2017,11,40,20.193685005750602,0.9919127824343819,0.1149550015712187,2045.51,2008.1734905270155,2024.859349244,0,
330,2017-09-21 11:50:00+10:00,264,2,21,9,2017,11,50,19.814742617905843,0.9919127824343819,0.1149550015712187,2057.41,2013.7478533207989,2036.639211604,0,
331,2017-09-21 12:00:00+10:00,264,2,21,9,2017,12,0,19.73649797331491,0.9919127824343819,0.1149550015712187,1615.22,2014.8869675648327,1598.913384968,0,
332,2017-09-21 12:10:00+10:00,264,2,21,9,2017,12,10,19.962491197892525,0.9919127824343819,0.1149550015712187,2042.94,2011.585767162714,2022.315294936,0,
333,2017-09-21 12:20:00+10:00,264,2,21,9,2017,12,20,20.482643178495945,0.9919127824343819,0.1149550015712187,202.003,2003.8588771229342,199.9636585132,0,
334,2017-09-21 12:30:00+10:00,264,2,21,9,2017,12,30,21.27536412787898,0.9919127824343819,0.1149550015712187,573.493,1991.7398560468166,567.7032440692001,0,
335,2017-09-21 12:40:00+10:00,264,2,21,9,2017,12,40,22.31158184560653,0.9919127824343819,0.1149550015712187,1025.67,1975.2794672505313,1015.3152459480001,0,
336,2017-09-21 12:50:00+10:00,264,2,21,9,2017,12,50,23.55913876715393,0.9919127824343819,0.1149550015712187,581.213,1954.54309095351,575.3453060372,0,
337,2017-09-21 13:00:00+10:00,264,2,21,9,2017,13,0,24.98633876768439,0.9919127824343819,0.1149550015712187,1937.08,1929.60744874799,1917.524015152,0,
338,2017-09-21 13:10:00+10:00,264,2,21,9,2017,13,10,26.564173935810363,0.9919127824343819,0.1149550015712187,2043.25,1900.55686294359,2022.6221653,0,
339,2017-09-21 13:20:00+10:00,264,2,21,9,2017,13,20,28.267354062887385,0.9919127824343819,0.1149550015712187,1977.75,1867.4793150562268,1957.7834271,0,
340,2017-09-21 13:30:00+10:00,264,2,21,9,2017,13,30,30.07450703631375,0.9919127824343819,0.1149550015712187,1971.14,1830.4625977334745,1951.2401590160002,0,
341,2017-09-21 13:40:00+10:00,264,2,21,9,2017,13,40,31.96791431794755,0.9919127824343819,0.1149550015712187,1779.99,1789.590871254004,1762.019932956,0,
342,2017-09-21 13:50:00+10:00,264,2,21,9,2017,13,50,33.933043777469216,0.9919127824343819,0.1149550015712187,1824.49,1744.9419383648935,1806.070678756,0,
343,2017-09-21 14:00:00+10:00,264,2,21,9,2017,14,0,35.95803592730329,0.9919127824343819,0.1149550015712187,1745.52,1696.5855391100288,1727.897928288,0,
344,2017-09-21 14:10:00+10:00,264,2,21,9,2017,14,10,38.033222230769674,0.9919127824343819,0.1149550015712187,1682.29,1644.582940487594,1665.306273076,0,
345,2017-09-21 14:20:00+10:00,264,2,21,9,2017,14,20,40.15070715701542,0.9919127824343819,0.1149550015712187,1670.24,1588.9880548424235,1653.377925056,0,
346,2017-09-21 14:30:00+10:00,264,2,21,9,2017,14,30,42.30402064397578,0.9919127824343819,0.1149550015712187,1588.91,1529.8502669800737,1572.869000204,0,
347,2017-09-21 14:40:00+10:00,264,2,21,9,2017,14,40,44.48783602154678,0.9919127824343819,0.1149550015712187,1489.72,1467.2190847256834,1474.680382768,0,
348,2017-09-21 14:50:00+10:00,264,2,21,9,2017,14,50,46.69774413996516,0.9919127824343819,0.1149550015712187,1418.78,1401.1506531463508,1404.456564632,0,
349,2017-09-21 15:00:00+10:00,264,2,21,9,2017,15,0,48.930073742201756,0.9919127824343819,0.1149550015712187,1365.21,1331.7160914124695,1351.427385924,0,
350,2017-09-21 15:10:00+10:00,264,2,21,9,2017,15,10,51.181748978161,0.9919127824343819,0.1149550015712187,1031.51,1259.0115261107587,1021.096287644,0,
351,2017-09-21 15:20:00+10:00,264,2,21,9,2017,15,20,53.450176347200504,0.9919127824343819,0.1149550015712187,1206.83,1183.1696087859664,1194.646327052,0,
352,2017-09-21 15:30:00+10:00,264,2,21,9,2017,15,30,55.73315479028721,0.9919127824343819,0.1149550015712187,1115.61,1104.3722217527572,1104.347247684,0,
353,2017-09-21 15:40:00+10:00,264,2,21,9,2017,15,40,58.0288039357836,0.9919127824343819,0.1149550015712187,1042.41,1022.863997978134,1031.8862456040001,0,
354,2017-09-21 15:50:00+10:00,264,2,21,9,2017,15,50,60.335506573845436,0.9919127824343819,0.1149550015712187,956.73,938.9662111955829,947.071236612,0,
355,2017-09-21 16:00:00+10:00,264,2,21,9,2017,16,0,62.65186229615877,0.9919127824343819,0.1149550015712187,737.572,853.090534288154,730.1257681168,0,
356,2017-09-21 16:10:00+10:00,264,2,21,9,2017,16,10,64.97664991657619,0.9919127824343819,0.1149550015712187,756.545,765.7521199860953,748.907224298,0,
357,2017-09-21 16:20:00+10:00,264,2,21,9,2017,16,20,67.30879681643857,0.9919127824343819,0.1149550015712187,686.931,677.5814302919672,679.9960193964,0,
358,2017-09-21 16:30:00+10:00,264,2,21,9,2017,16,30,69.64735376660285,0.9919127824343819,0.1149550015712187,616.579,589.3342315245968,610.3542650475999,0,
359,2017-09-21 16:40:00+10:00,264,2,21,9,2017,16,40,71.9914740925981,0.9919127824343819,0.1149550015712187,518.893,501.8991816715453,513.6544638292,0,
360,2017-09-21 16:50:00+10:00,264,2,21,9,2017,16,50,74.34039629111632,0.9919127824343819,0.1149550015712187,333.525,416.3024664699437,330.15786500999997,0,
361,2017-09-21 17:00:00+10:00,264,2,21,9,2017,17,0,76.69342939191152,0.9919127824343819,0.1149550015712187,270.552,333.70899027736004,267.8206152288,0,
362,2017-09-21 17:10:00+10:00,264,2,21,9,2017,17,10,79.04994050203196,0.9919127824343819,0.1149550015712187,234.18,255.41969668045328,231.815812392,0,
363,2017-09-21 17:20:00+10:00,264,2,21,9,2017,17,20,81.40934407900771,0.9919127824343819,0.1149550015712187,155.293,182.86468060921084,153.7252239892,0,
364,2017-09-21 17:30:00+10:00,264,2,21,9,2017,17,30,83.77109256363056,0.9919127824343819,0.1149550015712187,131.513,117.59185655048022,130.1852973572,0,
365,2017-09-21 17:40:00+10:00,264,2,21,9,2017,17,40,86.13466806690927,0.9919127824343819,0.1149550015712187,67.3705,61.25106378609448,66.6903543802,0,
366,2017-09-21 17:50:00+10:00,264,2,21,9,2017,17,50,88.49957485385355,0.9919127824343819,0.1149550015712187,33.1273,15.573616408613423,32.792860030119996,0,
439,2017-09-22 06:00:00+10:00,265,3,22,9,2017,6,0,89.49940655174237,0.9924778063260179,0.12115598398040679,19.1038,-0.09370016443579181,18.9132682507,0,
440,2017-09-22 06:10:00+10:00,265,3,22,9,2017,6,10,87.13369233304665,0.9924778063260179,0.12115598398040679,48.5591,40.57239566115366,48.07479581615,0,
441,2017-09-22 06:20:00+10:00,265,3,22,9,2017,6,20,84.76886339164867,0.9924778063260179,0.12115598398040679,100.623,92.66802767537833,99.6194365095,0,
442,2017-09-22 06:30:00+10:00,265,3,22,9,2017,6,30,82.4054040548579,0.9924778063260179,0.12115598398040679,191.641,154.4356597425947,189.7296684865,0,
443,2017-09-22 06:40:00+10:00,265,3,22,9,2017,6,40,80.04381571304889,0.9924778063260179,0.12115598398040679,327.963,224.18846935372736,324.69206101950004,0,
444,2017-09-22 06:50:00+10:00,265,3,22,9,2017,6,50,77.68462395859876,0.9924778063260179,0.12115598398040679,425.94,300.3328259293406,421.69188741,0,
445,2017-09-22 07:00:00+10:00,265,3,22,9,2017,7,0,75.32838638177276,0.9924778063260179,0.12115598398040679,531.401,381.386261090312,526.1010721265,0,
446,2017-09-22 07:10:00+10:00,265,3,22,9,2017,7,10,72.97570126031789,0.9924778063260179,0.12115598398040679,583.641,465.9908619057728,577.8200564865,0,
447,2017-09-22 07:20:00+10:00,265,3,22,9,2017,7,20,70.62721742049966,0.9924778063260179,0.12115598398040679,524.671,552.9221487870417,519.4381937815001,0,
448,2017-09-22 07:30:00+10:00,265,3,22,9,2017,7,30,68.28364560259517,0.9924778063260179,0.12115598398040679,683.591,641.0936214098991,676.7732051615001,0,
449,2017-09-22 07:40:00+10:00,265,3,22,9,2017,7,40,65.9457717371097,0.9924778063260179,0.12115598398040679,986.849,729.557265591441,977.0066614985001,0,
450,2017-09-22 07:50:00+10:00,265,3,22,9,2017,7,50,63.61447263418491,0.9924778063260179,0.12115598398040679,948.613,817.5004086707231,939.1520082445,0,
451,2017-09-22 08:00:00+10:00,265,3,22,9,2017,8,0,61.29073471448972,0.9924778063260179,0.12115598398040679,1034.22,904.239388438768,1023.9052068300001,0,
452,2017-09-22 08:10:00+10:00,265,3,22,9,2017,8,10,58.975676574228544,0.9924778063260179,0.12115598398040679,1117.2,989.2105594267617,1106.0576058000001,0,
453,2017-09-22 08:20:00+10:00,265,3,22,9,2017,8,20,56.670576391547705,0.9924778063260179,0.12115598398040679,1195.16,1071.9591994194552,1183.24007174,0,
454,2017-09-22 08:30:00+10:00,265,3,22,9,2017,8,30,54.37690546206325,0.9924778063260179,0.12115598398040679,1271.38,1152.1268980900659,1258.69989157,0,
455,2017-09-22 08:40:00+10:00,265,3,22,9,2017,8,40,52.09636951758534,0.9924778063260179,0.12115598398040679,1348.54,1229.4380089724768,1335.09033631,0,
456,2017-09-22 08:50:00+10:00,265,3,22,9,2017,8,50,49.830959960013125,0.9924778063260179,0.12115598398040679,1422.94,1303.6857265315007,1408.74830791,0,
457,2017-09-22 09:00:00+10:00,265,3,22,9,2017,9,0,47.583017763450954,0.9924778063260179,0.12115598398040679,1486.19,1374.7183133694343,1471.3674840350002,0,
458,2017-09-22 09:10:00+10:00,265,3,22,9,2017,9,10,45.35531359868715,0.9924778063260179,0.12115598398040679,1549.67,1442.4259506334986,1534.2143662550002,0,
459,2017-09-22 09:20:00+10:00,265,3,22,9,2017,9,20,43.151148753454564,0.9924778063260179,0.12115598398040679,1614.25,1506.7286199125083,1598.150277625,0,
460,2017-09-22 09:30:00+10:00,265,3,22,9,2017,9,30,40.97448268815312,0.9924778063260179,0.12115598398040679,1700.85,1567.5653501232491,1683.886572525,0,
461,2017-09-22 09:40:00+10:00,265,3,22,9,2017,9,40,38.83009457445287,0.9924778063260179,0.12115598398040679,1748.4,1624.8850811218797,1730.9623326,0,
462,2017-09-22 09:50:00+10:00,265,3,22,9,2017,9,50,36.723787820308154,0.9924778063260179,0.12115598398040679,1772.42,1678.6393102055492,1754.7427691300002,0,
463,2017-09-22 10:00:00+10:00,265,3,22,9,2017,10,0,34.66264810106601,0.9924778063260179,0.12115598398040679,1709.14,1728.7766014961921,1692.0938922100001,0,
464,2017-09-22 10:10:00+10:00,265,3,22,9,2017,10,10,32.65536610247508,0.9924778063260179,0.12115598398040679,1915.54,1775.2389545470292,1896.4353618100001,0,
465,2017-09-22 10:20:00+10:00,265,3,22,9,2017,10,20,30.71263457219451,0.9924778063260179,0.12115598398040679,2037.52,1817.959950326002,2017.1987942800001,0,
466,2017-09-22 10:30:00+10:00,265,3,22,9,2017,10,30,28.84762251216302,0.9924778063260179,0.12115598398040679,2012.57,1856.8645226765054,1992.497633105,0,
467,2017-09-22 10:40:00+10:00,265,3,22,9,2017,10,40,27.0765122960224,0.9924778063260179,0.12115598398040679,1965.77,1891.8701437391762,1946.164392905,0,
468,2017-09-22 10:50:00+10:00,265,3,22,9,2017,10,50,25.419049959528063,0.9924778063260179,0.12115598398040679,1935.11,1922.8891645099702,1915.8101804149999,0,
469,2017-09-22 11:00:00+10:00,265,3,22,9,2017,11,0,23.89899419374233,0.9924778063260179,0.12115598398040679,2094.04,1949.8320180885376,2073.1550920600002,0,
470,2017-09-22 11:10:00+10:00,265,3,22,9,2017,11,10,22.544247955384648,0.9924778063260179,0.12115598398040679,1443.14,1972.610974085374,1428.7468432100002,0,
471,2017-09-22 11:20:00+10:00,265,3,22,9,2017,11,20,21.386329965412656,0.9924778063260179,0.12115598398040679,1733.14,1991.1441284017778,1715.8545282100001,0,
472,2017-09-22 11:30:00+10:00,265,3,22,9,2017,11,30,20.458754975819012,0.9924778063260179,0.12115598398040679,2094.97,2005.3593229130267,2074.075816705,0,
473,2017-09-22 11:40:00+10:00,265,3,22,9,2017,11,40,19.793984912484845,0.9924778063260179,0.12115598398040679,2089.79,2015.1977136725639,2068.947479435,0,
474,2017-09-22 11:50:00+10:00,265,3,22,9,2017,11,50,19.419065141269684,0.9924778063260179,0.12115598398040679,2079.2,2020.6167428077829,2058.4630988,0,
475,2017-09-22 12:00:00+10:00,265,3,22,9,2017,12,0,19.350870669991004,0.9924778063260179,0.12115598398040679,2069.55,2021.5923165361435,2048.9093430750004,0,
476,2017-09-22 12:10:00+10:00,265,3,22,9,2017,12,10,19.592608138489194,0.9924778063260179,0.12115598398040679,2060.94,2018.1200475451872,2040.38521491,0,
477,2017-09-22 12:20:00+10:00,265,3,22,9,2017,12,20,20.13310416705058,0.9924778063260179,0.12115598398040679,2050.33,2010.2154818940037,2029.881033745,0,
478,2017-09-22 12:30:00+10:00,265,3,22,9,2017,12,30,20.949219996922807,0.9924778063260179,0.12115598398040679,2035.82,1997.9132959289204,2015.51574923,0,
479,2017-09-22 12:40:00+10:00,265,3,22,9,2017,12,40,22.010277181123815,0.9924778063260179,0.12115598398040679,2018.38,1981.2655146621391,1998.2496870700002,0,
480,2017-09-22 12:50:00+10:00,265,3,22,9,2017,12,50,23.28275918059909,0.9924778063260179,0.12115598398040679,1994.85,1960.3388668155021,1974.954363525,0,
481,2017-09-22 13:00:00+10:00,265,3,22,9,2017,13,0,24.733992962584118,0.9924778063260179,0.12115598398040679,1968.83,1935.2114505387865,1949.193873995,0,
482,2017-09-22 13:10:00+10:00,265,3,22,9,2017,13,10,26.334370677521427,0.9924778063260179,0.12115598398040679,1940.56,1905.9689351071324,1921.20582484,0,
483,2017-09-22 13:20:00+10:00,265,3,22,9,2017,13,20,28.058302813981825,0.9924778063260179,0.12115598398040679,1910.72,1872.7005653909046,1891.6634340800001,0,
484,2017-09-22 13:30:00+10:00,265,3,22,9,2017,13,30,29.884326571295187,0.9924778063260179,0.12115598398040679,1942.19,1835.495265634011,1922.8195680350002,0,
485,2017-09-22 13:40:00+10:00,265,3,22,9,2017,13,40,31.794762173642205,0.9924778063260179,0.12115598398040679,832.167,1794.4381555613827,823.8673824255001,0,
486,2017-09-22 13:50:00+10:00,265,3,22,9,2017,13,50,33.77518778058568,0.9924778063260179,0.12115598398040679,1880.15,1749.6077940360415,1861.398323975,0,
487,2017-09-22 14:00:00+10:00,265,3,22,9,2017,14,0,35.81388744450274,0.9924778063260179,0.12115598398040679,1393.76,1701.074452901086,1379.85933464,0,
488,2017-09-22 14:10:00+10:00,265,3,22,9,2017,14,10,37.901346015298834,0.9924778063260179,0.12115598398040679,1595.87,1648.8996963229251,1579.953590555,0,
489,2017-09-22 14:20:00+10:00,265,3,22,9,2017,14,20,40.02981791597726,0.9924778063260179,0.12115598398040679,1554.94,1593.137499506653,1539.43180591,0,
490,2017-09-22 14:30:00+10:00,265,3,22,9,2017,14,30,42.19297275863132,0.9924778063260179,0.12115598398040679,1574.62,1533.8370862328763,1558.9155274299999,0,
491,2017-09-22 14:40:00+10:00,265,3,22,9,2017,14,40,44.38561029641194,0.9924778063260179,0.12115598398040679,1080.83,1471.04759892881,1070.050341995,0,
492,2017-09-22 14:50:00+10:00,265,3,22,9,2017,14,50,46.603433800883614,0.9924778063260179,0.12115598398040679,1155.66,1404.824640057706,1144.1340249900002,0,
493,2017-09-22 15:00:00+10:00,265,3,22,9,2017,15,0,48.84287087899095,0.9924778063260179,0.12115598398040679,1350.18,1335.2386420076468,1336.7139797700002,0,
494,2017-09-22 15:10:00+10:00,265,3,22,9,2017,15,10,51.10093201572616,0.9924778063260179,0.12115598398040679,1273.24,1262.3849372170953,1260.54134086,0,
495,2017-09-22 15:20:00+10:00,265,3,22,9,2017,15,20,53.37509877628255,0.9924778063260179,0.12115598398040679,858.033,1186.3953140479332,849.4754078745001,0,
496,2017-09-22 15:30:00+10:00,265,3,22,9,2017,15,30,55.663235193945944,0.9924778063260179,0.12115598398040679,916.784,1107.4507600881468,907.6404547760001,0,
497,2017-09-22 15:40:00+10:00,265,3,22,9,2017,15,40,57.9635172463033,0.9924778063260179,0.12115598398040679,1071.82,1025.7950163345445,1061.13020323,0,
498,2017-09-22 15:50:00+10:00,265,3,22,9,2017,15,50,60.27437644760954,0.9924778063260179,0.12115598398040679,1003.49,941.7484961789374,993.481692485,0,
499,2017-09-22 16:00:00+10:00,265,3,22,9,2017,16,0,62.594454477420825,0.9924778063260179,0.12115598398040679,943.849,855.7220652094255,934.4355219985001,0,
500,2017-09-22 16:10:00+10:00,265,3,22,9,2017,16,10,64.92256646086437,0.9924778063260179,0.12115598398040679,726.309,768.2301341521631,719.0651571884999,0,
501,2017-09-22 16:20:00+10:00,265,3,22,9,2017,16,20,67.25767105235877,0.9924778063260179,0.12115598398040679,340.839,679.9024900344824,337.4396422335,0,
502,2017-09-22 16:30:00+10:00,265,3,22,9,2017,16,30,69.59884588636096,0.9924778063260179,0.12115598398040679,597.242,591.4942815863889,591.285406913,0,
503,2017-09-22 16:40:00+10:00,265,3,22,9,2017,16,40,71.94526727404606,0.9924778063260179,0.12115598398040679,535.747,503.8935852070424,530.4037272955,0,
504,2017-09-22 16:50:00+10:00,265,3,22,9,2017,16,50,74.29619326616962,0.9924778063260179,0.12115598398040679,411.865,418.1260080992706,407.75726442250004,0,
505,2017-09-22 17:00:00+10:00,265,3,22,9,2017,17,0,76.65094938711488,0.9924778063260179,0.12115598398040679,341.927,335.35583537868723,338.51679106550006,0,
506,2017-09-22 17:10:00+10:00,265,3,22,9,2017,17,10,79.00891648659379,0.9924778063260179,0.12115598398040679,274.412,256.8832974062747,271.675151918,0,
507,2017-09-22 17:20:00+10:00,265,3,22,9,2017,17,20,81.36952026372244,0.9924778063260179,0.12115598398040679,186.981,184.13762094296928,185.1161449965,0,
508,2017-09-22 17:30:00+10:00,265,3,22,9,2017,17,30,83.73222210080652,0.9924778063260179,0.12115598398040679,118.89,118.66563103335127,117.70425058500001,0,
509,2017-09-22 17:40:00+10:00,265,3,22,9,2017,17,40,86.0965109068123,0.9924778063260179,0.12115598398040679,67.3017,62.11578727333541,66.63046649505,0,
510,2017-09-22 17:50:00+10:00,265,3,22,9,2017,17,50,88.461895717364,0.9924778063260179,0.12115598398040679,7.27077,16.217665276774344,7.198254975405,0,
583,2017-09-23 06:00:00+10:00,266,4,23,9,2017,6,0,89.28623450196625,0.9930456726880935,0.12732003044614562,22.7913,3.0566938150051417,22.56677378718,0,
584,2017-09-23 06:10:00+10:00,266,4,23,9,2017,6,10,86.920290580992,0.9930456726880935,0.12732003044614562,53.4563,44.85572378364989,52.92968060618,0,
585,2017-09-23 06:20:00+10:00,266,4,23,9,2017,6,20,84.55503358834197,0.9930456726880935,0.12732003044614562,89.1798,97.93864678859931,88.30125411828,0,
586,2017-09-23 06:30:00+10:00,266,4,23,9,2017,6,30,82.19094515718903,0.9930456726880935,0.12732003044614562,191.954,160.5544175639705,190.06298436440002,0,
587,2017-09-23 06:40:00+10:00,266,4,23,9,2017,6,40,79.82852250293386,0.9930456726880935,0.12732003044614562,208.079,231.0241212339659,206.02913053940003,0,
588,2017-09-23 06:50:00+10:00,266,4,23,9,2017,6,50,77.46828550284499,0.9930456726880935,0.12732003044614562,282.09,307.76318747856243,279.311018574,0,
589,2017-09-23 07:00:00+10:00,266,4,23,9,2017,7,0,75.11078440973276,0.9930456726880935,0.12732003044614562,517.845,389.29908939862486,512.743501767,0,
590,2017-09-23 07:10:00+10:00,266,4,23,9,2017,7,10,72.75660843513283,0.9930456726880935,0.12732003044614562,580.843,474.2844648339583,575.1208832698,0,
591,2017-09-23 07:20:00+10:00,266,4,23,9,2017,7,20,70.40639547818532,0.9930456726880935,0.12732003044614562,351.262,561.505728275907,347.80157753320003,0,
592,2017-09-23 07:30:00+10:00,266,4,23,9,2017,7,30,68.06084333151752,0.9930456726880935,0.12732003044614562,603.778,649.8873627974916,597.8299414108001,0,
593,2017-09-23 07:40:00+10:00,266,4,23,9,2017,7,40,65.72072276872149,0.9930456726880935,0.12732003044614562,918.878,738.4921903905521,909.8257652708,0,
594,2017-09-23 07:50:00+10:00,266,4,23,9,2017,7,50,63.38689301456293,0.9930456726880935,0.12732003044614562,948.659,826.5180130197244,939.3133807274,0,
595,2017-09-23 08:00:00+10:00,266,4,23,9,2017,8,0,61.06032022573992,0.9930456726880935,0.12732003044614562,1031.31,913.2910933946903,1021.1501526659999,0,
596,2017-09-23 08:10:00+10:00,266,4,23,9,2017,8,10,58.74209977605916,0.9930456726880935,0.12732003044614562,996.482,998.2570023438299,986.6652572252,0,
597,2017-09-23 08:20:00+10:00,266,4,23,9,2017,8,20,56.43348335761211,0.9930456726880935,0.12732003044614562,1043.01,1080.9693977992263,1032.734891286,0,
598,2017-09-23 08:30:00+10:00,266,4,23,9,2017,8,30,54.13591219522815,0.9930456726880935,0.12732003044614562,1282.89,1161.0773184789966,1270.2517374540002,0,
599,2017-09-23 08:40:00+10:00,266,4,23,9,2017,8,40,51.85105804657095,0.9930456726880935,0.12732003044614562,1202.73,1238.3115737248495,1190.8814256780001,0,
600,2017-09-23 08:50:00+10:00,266,4,23,9,2017,8,50,49.58087415240598,0.9930456726880935,0.12732003044614562,1332.84,1312.4707905828589,1319.709660024,0,
601,2017-09-23 09:00:00+10:00,266,4,23,9,2017,9,0,47.32765894563592,0.9930456726880935,0.12732003044614562,1483.49,1383.4076416359794,1468.875546614,0,
602,2017-09-23 09:10:00+10:00,266,4,23,9,2017,9,10,45.094136165504686,0.9930456726880935,0.12732003044614562,1527.3,1451.0157243471067,1512.25395678,0,
603,2017-09-23 09:20:00+10:00,266,4,23,9,2017,9,20,42.88355610076977,0.9930456726880935,0.12732003044614562,1266.46,1515.2174972199591,1253.983595956,0,
604,2017-09-23 09:30:00+10:00,266,4,23,9,2017,9,30,40.69982404306365,0.9930456726880935,0.12732003044614562,1660.13,1575.9536027391446,1643.7753953180002,0,
605,2017-09-23 09:40:00+10:00,266,4,23,9,2017,9,40,38.54766368064286,0.9930456726880935,0.12732003044614562,1836.74,1633.1738248572917,1818.645539564,0,
606,2017-09-23 09:50:00+10:00,266,4,23,9,2017,9,50,36.4328250337508,0.9930456726880935,0.12732003044614562,1520.57,1686.8298429366016,1505.590256702,0,
607,2017-09-23 10:00:00+10:00,266,4,23,9,2017,10,0,34.36234836674625,0.9930456726880935,0.12732003044614562,1677.59,1736.8698577304426,1661.063389874,0,
608,2017-09-23 10:10:00+10:00,266,4,23,9,2017,10,10,32.344896645910275,0.9930456726880935,0.12732003044614562,1884.53,1783.2350813318276,1865.9647411580002,0,
609,2017-09-23 10:20:00+10:00,266,4,23,9,2017,10,20,30.391168079421725,0.9930456726880935,0.12732003044614562,1919.4,1825.858004958388,1900.49122284,0,
610,2017-09-23 10:30:00+10:00,266,4,23,9,2017,10,30,28.51439412304185,0.9930456726880935,0.12732003044614562,1947.23,1864.6622886459636,1928.0470583780002,0,
611,2017-09-23 10:40:00+10:00,266,4,23,9,2017,10,40,26.73091159752209,0.9930456726880935,0.12732003044614562,1978.13,1899.5640576775065,1958.6426501180001,0,
612,2017-09-23 10:50:00+10:00,266,4,23,9,2017,10,50,25.060761189833897,0.9930456726880935,0.12732003044614562,2003.29,1930.4743437352245,1983.554788894,0,
613,2017-09-23 11:00:00+10:00,266,4,23,9,2017,11,0,23.528196181196794,0.9930456726880935,0.12732003044614562,2038.11,1957.3023756927412,2018.031763146,0,
614,2017-09-23 11:10:00+10:00,266,4,23,9,2017,11,10,22.16187436579233,0.9930456726880935,0.12732003044614562,1780.11,1979.9594064879686,1762.573424346,0,
615,2017-09-23 11:20:00+10:00,266,4,23,9,2017,11,20,20.994362499193137,0.9930456726880935,0.12732003044614562,1987.04,1998.36275890988,1967.464874144,0,
616,2017-09-23 11:30:00+10:00,266,4,23,9,2017,11,30,20.060473118549208,0.9930456726880935,0.12732003044614562,2240.61,2012.4397841105501,2218.5368546460004,0,
617,2017-09-23 11:40:00+10:00,266,4,23,9,2017,11,40,19.39403990878036,0.9930456726880935,0.12732003044614562,1388.36,2022.1314513954244,1374.6827102959999,0,
618,2017-09-23 11:50:00+10:00,266,4,23,9,2017,11,50,19.023231055130672,0.9930456726880935,0.12732003044614562,2151.79,2027.3953250223344,2130.591855994,0,
619,2017-09-23 12:00:00+10:00,266,4,23,9,2017,12,0,18.96541525454532,0.9930456726880935,0.12732003044614562,1976.08,2028.2077315733054,1956.612845488,0,
620,2017-09-23 12:10:00+10:00,266,4,23,9,2017,12,10,19.223419912295533,0.9930456726880935,0.12732003044614562,2000.24,2024.5649777859862,1980.5348356640002,0,
621,2017-09-23 12:20:00+10:00,266,4,23,9,2017,12,20,19.78487978420614,0.9930456726880935,0.12732003044614562,2117.11,2016.4835410705605,2096.253502546,0,
622,2017-09-23 12:30:00+10:00,266,4,23,9,2017,12,30,20.624998161343594,0.9930456726880935,0.12732003044614562,1907.18,2003.9992206035142,1888.3916069480001,0,
623,2017-09-23 12:40:00+10:00,266,4,23,9,2017,12,40,21.711407849177068,0.9930456726880935,0.12732003044614562,1438.8,1987.16530307226,1424.62580568,0,
624,2017-09-23 12:50:00+10:00,266,4,23,9,2017,12,50,23.009192584274118,0.9930456726880935,0.12732003044614562,1688.9,1966.0498610163106,1672.2619705400002,0,
625,2017-09-23 13:00:00+10:00,266,4,23,9,2017,13,0,24.48469766296036,0.9930456726880935,0.12732003044614562,2044.29,1940.7323605267259,2024.150881494,0,
626,2017-09-23 13:10:00+10:00,266,4,23,9,2017,13,10,26.10773213471764,0.9930456726880935,0.12732003044614562,2003.13,1911.2998062627378,1983.3963651180002,0,
627,2017-09-23 13:20:00+10:00,266,4,23,9,2017,13,20,27.852432517986518,0.9930456726880935,0.12732003044614562,1928.06,1877.842693035021,1909.065909716,0,
628,2017-09-23 13:30:00+10:00,266,4,23,9,2017,13,30,29.697270890523644,0.9930456726880935,0.12732003044614562,1882.29,1840.4510626590763,1863.746808294,0,
629,2017-09-23 13:40:00+10:00,266,4,23,9,2017,13,40,31.624628174663624,0.9930456726880935,0.12732003044614562,1874.65,1799.210980900829,1856.1820729900003,0,
630,2017-09-23 13:50:00+10:00,266,4,23,9,2017,13,50,33.620210033763215,0.9930456726880935,0.12732003044614562,1450.38,1754.20175110805,1436.0917264680002,0,
631,2017-09-23 14:00:00+10:00,266,4,23,9,2017,14,0,35.67245683039003,0.9930456726880935,0.12732003044614562,1604.22,1705.4941680634643,1588.4161870920002,0,
632,2017-09-23 14:10:00+10:00,266,4,23,9,2017,14,10,37.77201590925872,0.9930456726880935,0.12732003044614562,1435.2,1653.1500877780531,1421.06127072,0,
633,2017-09-23 14:20:00+10:00,266,4,23,9,2017,14,20,39.911297943932134,0.9930456726880935,0.12732003044614562,1084.97,1597.223546993248,1074.2815265420002,0,
634,2017-09-23 14:30:00+10:00,266,4,23,9,2017,14,30,42.084116448550226,0.9930456726880935,0.12732003044614562,995.757,1537.7636112483804,985.9473994902,0,
635,2017-09-23 14:40:00+10:00,266,4,23,9,2017,14,40,44.28540034636914,0.9930456726880935,0.12732003044614562,1391.56,1474.819064175294,1377.851185816,0,
636,2017-09-23 14:50:00+10:00,266,4,23,9,2017,14,50,46.51096703705019,0.9930456726880935,0.12732003044614562,1427.53,1408.444975345606,1413.466830958,0,
637,2017-09-23 15:00:00+10:00,266,4,23,9,2017,15,0,48.757343978660955,0.9930456726880935,0.12732003044614562,1353.99,1338.7111020518894,1340.651302914,0,
638,2017-09-23 15:10:00+10:00,266,4,23,9,2017,15,10,51.02162848708771,0.9930456726880935,0.12732003044614562,1301.32,1265.7119946988405,1288.500176152,0,
639,2017-09-23 15:20:00+10:00,266,4,23,9,2017,15,20,53.30137735828205,0.9930456726880935,0.12732003044614562,1193.79,1189.578589082567,1182.029497194,0,
640,2017-09-23 15:30:00+10:00,266,4,23,9,2017,15,30,55.59451966359796,0.9930456726880935,0.12732003044614562,1113.73,1110.4909849336857,1102.758200278,0,
641,2017-09-23 15:40:00+10:00,266,4,23,9,2017,15,40,57.899287533582665,0.9930456726880935,0.12732003044614562,1032.86,1028.6920318954099,1022.6848829959999,0,
642,2017-09-23 15:50:00+10:00,266,4,23,9,2017,15,50,60.21416092119715,0.9930456726880935,0.12732003044614562,976.252,944.5012747091696,966.6345510472,0,
643,2017-09-23 16:00:00+10:00,266,4,23,9,2017,16,0,62.53782325526475,0.9930456726880935,0.12732003044614562,795.737,858.3287516942081,787.8978765182,0,
644,2017-09-23 16:10:00+10:00,266,4,23,9,2017,16,10,64.86912560447979,0.9930456726880935,0.12732003044614562,511.347,770.688097236988,506.3095161642,0,
645,2017-09-23 16:20:00+10:00,266,4,23,9,2017,16,20,67.20705751542235,0.9930456726880935,0.12732003044614562,504.613,682.2083721567896,499.6418554918,0,
646,2017-09-23 16:30:00+10:00,266,4,23,9,2017,16,30,69.55072310222721,0.9930456726880935,0.12732003044614562,531.402,593.6440372105517,526.1669463372001,0,
647,2017-09-23 16:40:00+10:00,266,4,23,9,2017,16,40,71.89932128105146,0.9930456726880935,0.12732003044614562,412.538,505.88249581940437,408.4739231468,0,
648,2017-09-23 16:50:00+10:00,266,4,23,9,2017,16,50,74.25212928285002,0.9930456726880935,0.12732003044614562,438.482,419.948662916502,434.16233842520006,0,
649,2017-09-23 17:00:00+10:00,266,4,23,9,2017,17,0,76.60848876123892,0.9930456726880935,0.12732003044614562,327.154,337.00606757096153,323.9310750844,0,
650,2017-09-23 17:10:00+10:00,266,4,23,9,2017,17,10,78.96779395204652,0.9930456726880935,0.12732003044614562,297.476,258.35406702712515,294.54544493360004,0,
651,2017-09-23 17:20:00+10:00,266,4,23,9,2017,17,20,81.32948144777774,0.9930456726880935,0.12732003044614562,167.337,185.42083765993578,165.6884962782,0,
652,2017-09-23 17:30:00+10:00,266,4,23,9,2017,17,30,83.69302123130676,0.9930456726880935,0.12732003044614562,100.09,119.75191211726177,99.103973374,0,
653,2017-09-23 17:40:00+10:00,266,4,23,9,2017,17,40,86.0579086743591,0.9930456726880935,0.12732003044614562,66.1051,62.99414906007838,65.45387221786,0,
654,2017-09-23 17:50:00+10:00,266,4,23,9,2017,17,50,88.42365725194402,0.9930456726880935,0.12732003044614562,32.8734,16.875149377817326,32.549550987239996,0,
727,2017-09-24 06:00:00+10:00,267,5,24,9,2017,6,0,89.0736167746473,0.9936162223763997,0.13344024040276758,27.1523,6.308346299953331,26.88812712761,0,
728,2017-09-24 06:10:00+10:00,267,5,24,9,2017,6,10,86.70752562225256,0.9936162223763997,0.13344024040276758,56.601,49.22288311225312,56.0503118907,0,
729,2017-09-24 06:20:00+10:00,267,5,24,9,2017,6,20,84.34192285630557,0.9936162223763997,0.13344024040276758,133.877,103.27573872933964,132.57447050390002,0,
730,2017-09-24 06:30:00+10:00,267,5,24,9,2017,6,30,81.97728749068595,0.9936162223763997,0.13344024040276758,220.989,166.722650097838,218.8389317223,0,
731,2017-09-24 06:40:00+10:00,267,5,24,9,2017,6,40,79.61411263251462,0.9936162223763997,0.13344024040276758,271.712,237.8928612131471,269.0684324384,0,
732,2017-09-24 06:50:00+10:00,267,5,24,9,2017,6,50,77.25291249976287,0.9936162223763997,0.13344024040276758,237.173,315.21107125774415,234.86547273110003,0,
733,2017-09-24 07:00:00+10:00,267,5,24,9,2017,7,0,74.89423004935882,0.9936162223763997,0.13344024040276758,306.789,397.21486134602605,303.8041577823,0,
734,2017-09-24 07:10:00+10:00,267,5,24,9,2017,7,10,72.53864544974817,0.9936162223763997,0.13344024040276758,471.972,482.56754431958814,467.38004282040004,0,
735,2017-09-24 07:20:00+10:00,267,5,24,9,2017,7,20,70.18678567225274,0.9936162223763997,0.13344024040276758,739.982,570.0665121258033,732.7824931274,0,
736,2017-09-24 07:30:00+10:00,267,5,24,9,2017,7,30,67.83933553045402,0.9936162223763997,0.13344024040276758,729.175,658.6472761370298,722.0806376725,0,
737,2017-09-24 07:40:00+10:00,267,5,24,9,2017,7,40,65.49705057003305,0.9936162223763997,0.13344024040276758,890.309,747.3835041361838,881.6469166463,0,
738,2017-09-24 07:50:00+10:00,267,5,24,9,2017,7,50,63.16077230823884,0.9936162223763997,0.13344024040276758,963.396,835.483450896069,954.0228312972,0,
739,2017-09-24 08:00:00+10:00,267,5,24,9,2017,8,0,60.83144644950794,0.9936162223763997,0.13344024040276758,1042.69,922.2832551553853,1032.5453561830002,0,
740,2017-09-24 08:10:00+10:00,267,5,24,9,2017,8,10,58.51014487125617,0.9936162223763997,0.13344024040276758,1125.25,1007.237632788243,1114.3021051750002,0,
741,2017-09-24 08:20:00+10:00,267,5,24,9,2017,8,20,56.198092394315836,0.9936162223763997,0.13344024040276758,1222.98,1089.9085331583244,1211.0812606860002,0,
742,2017-09-24 08:30:00+10:00,267,5,24,9,2017,8,30,53.896699643020675,0.9936162223763997,0.13344024040276758,1185.29,1169.9523427752165,1173.757958003,0,
743,2017-09-24 08:40:00+10:00,267,5,24,9,2017,8,40,51.60760368324173,0.9936162223763997,0.13344024040276758,1377.42,1247.1062178032316,1364.0186675940001,0,
744,2017-09-24 08:50:00+10:00,267,5,24,9,2017,8,50,49.332718632484905,0.9936162223763997,0.13344024040276758,1432.41,1321.1741057008135,1418.4736533870002,0,
745,2017-09-24 09:00:00+10:00,267,5,24,9,2017,9,0,47.07429910255414,0.9936162223763997,0.13344024040276758,1497.1,1392.0129778484868,1482.53426497,0,
746,2017-09-24 09:10:00+10:00,267,5,24,9,2017,9,10,44.835020209217,0.9936162223763997,0.13344024040276758,1563.36,1459.5197415168386,1548.149601552,0,
747,2017-09-24 09:20:00+10:00,267,5,24,9,2017,9,20,42.61807901864825,0.9936162223763997,0.13344024040276758,1621.22,1523.619233420871,1605.446664254,0,
748,2017-09-24 09:30:00+10:00,267,5,24,9,2017,9,30,40.42732374990929,0.9936162223763997,0.13344024040276758,1680.86,1584.2536212263194,1664.506408802,0,
749,2017-09-24 09:40:00+10:00,267,5,24,9,2017,9,40,38.267418846308225,0.9936162223763997,0.13344024040276758,1637.71,1641.3734567757067,1621.776228097,0,
750,2017-09-24 09:50:00+10:00,267,5,24,9,2017,9,50,36.14405612293017,0.9936162223763997,0.13344024040276758,1783.31,1694.9305386749254,1765.959642017,0,
751,2017-09-24 10:00:00+10:00,267,5,24,9,2017,10,0,34.064224367876406,0.9936162223763997,0.13344024040276758,1833.47,1744.8726554339908,1815.631620329,0,
752,2017-09-24 10:10:00+10:00,267,5,24,9,2017,10,10,32.036551393212555,0.9936162223763997,0.13344024040276758,1870.18,1791.1401967110157,1851.984457726,0,
753,2017-09-24 10:20:00+10:00,267,5,24,9,2017,10,20,30.071732144726614,0.9936162223763997,0.13344024040276758,1909.04,1833.6645422995975,1890.466377128,0,
754,2017-09-24 10:30:00+10:00,267,5,24,9,2017,10,30,28.183051054783906,0.9936162223763997,0.13344024040276758,1942.17,1872.3680689751945,1923.2740454190002,0,
755,2017-09-24 10:40:00+10:00,267,5,24,9,2017,10,40,26.38699056933737,0.9936162223763997,0.13344024040276758,1973.86,1907.1655564549026,1954.655723902,0,
756,2017-09-24 10:50:00+10:00,267,5,24,9,2017,10,50,24.703880763281912,0.9936162223763997,0.13344024040276758,1997.5,1937.9667273657244,1978.06572325,0,
757,2017-09-24 11:00:00+10:00,267,5,24,9,2017,11,0,23.158472865824834,0.9936162223763997,0.13344024040276758,2023.09,1964.6796236008695,2003.406750463,0,
758,2017-09-24 11:10:00+10:00,267,5,24,9,2017,11,10,21.780198835321173,0.9936162223763997,0.13344024040276758,2040.67,1987.2145035787703,2020.8157093690002,0,
759,2017-09-24 11:20:00+10:00,267,5,24,9,2017,11,20,20.602716648474882,0.9936162223763997,0.13344024040276758,2059.31,2005.4879419567333,2039.274355217,0,
760,2017-09-24 11:30:00+10:00,267,5,24,9,2017,11,30,19.662206770794377,0.9936162223763997,0.13344024040276758,2063.53,2019.4268249852657,2043.4532975710003,0,
761,2017-09-24 11:40:00+10:00,267,5,24,9,2017,11,40,18.993961365738894,0.9936162223763997,0.13344024040276758,2073.72,2028.9719600754458,2053.544156004,0,
762,2017-09-24 11:50:00+10:00,267,5,24,9,2017,11,50,18.627345337127434,0.9936162223763997,0.13344024040276758,904.407,2034.0810559419094,895.6077529749001,0,
763,2017-09-24 12:00:00+10:00,267,5,24,9,2017,12,0,18.580243311420272,0.9936162223763997,0.13344024040276758,15.2644,2034.7308780780397,15.11588807308,0,
764,2017-09-24 12:10:00+10:00,267,5,24,9,2017,12,10,18.85505264003315,0.9936162223763997,0.13344024040276758,282.461,2030.9184411340461,279.71285219270004,0,
765,2017-09-24 12:20:00+10:00,267,5,24,9,2017,12,20,19.438109786433316,0.9936162223763997,0.13344024040276758,2061.13,2022.6611625148907,2041.0766478910002,0,
766,2017-09-24 12:30:00+10:00,267,5,24,9,2017,12,30,20.302843855245136,0.9936162223763997,0.13344024040276758,2009.43,2009.9959674924326,1989.8796527010002,0,
767,2017-09-24 12:40:00+10:00,267,5,24,9,2017,12,40,21.41511389087442,0.9936162223763997,0.13344024040276758,1958.47,1992.977402517284,1939.4154578290002,0,
768,2017-09-24 12:50:00+10:00,267,5,24,9,2017,12,50,22.738564821837976,0.9936162223763997,0.13344024040276758,1636.17,1971.674877388571,1620.2512112190002,0,
769,2017-09-24 13:00:00+10:00,267,5,24,9,2017,13,0,24.23855900709214,0.9936162223763997,0.13344024040276758,1623.95,1946.1692157487896,1608.150103265,0,
770,2017-09-24 13:10:00+10:00,267,5,24,9,2017,13,10,25.884342612919433,0.9936162223763997,0.13344024040276758,98.3043,1916.5487444566852,97.34786797401,0,
771,2017-09-24 13:20:00+10:00,267,5,24,9,2017,13,20,27.649805932417912,0.9936162223763997,0.13344024040276758,91.5073,1882.9051934723716,90.61699802611001,0,
772,2017-09-24 13:30:00+10:00,267,5,24,9,2017,13,30,29.513382867087376,0.9936162223763997,0.13344024040276758,84.9594,1845.329707046556,84.13280450958001,0,
773,2017-09-24 13:40:00+10:00,267,5,24,9,2017,13,40,31.45753757541367,0.9936162223763997,0.13344024040276758,958.164,1803.9092827537065,948.8417349948,0,
774,2017-09-24 13:50:00+10:00,267,5,24,9,2017,13,50,33.468120558069295,0.9936162223763997,0.13344024040276758,1858.95,1758.7239562515927,1840.863717765,0,
775,2017-09-24 14:00:00+10:00,267,5,24,9,2017,14,0,35.53374112087317,0.9936162223763997,0.13344024040276758,1609.69,1709.8450361218981,1594.028843083,0,
776,2017-09-24 14:10:00+10:00,267,5,24,9,2017,14,10,37.645217962191076,0.9936162223763997,0.13344024040276758,1684.15,1657.3346648373665,1667.7643994050002,0,
777,2017-09-24 14:20:00+10:00,267,5,24,9,2017,14,20,39.795124023273864,0.9936162223763997,0.13344024040276758,1553.01,1601.2469394564453,1537.900299807,0,
778,2017-09-24 14:30:00+10:00,267,5,24,9,2017,14,30,41.977420679945666,0.9936162223763997,0.13344024040276758,1552.18,1541.6307702562149,1537.078375126,0,
779,2017-09-24 14:40:00+10:00,267,5,24,9,2017,14,40,44.18716853341109,0.9936162223763997,0.13344024040276758,1519.5,1478.5345888772013,1504.7163286500002,0,
780,2017-09-24 14:50:00+10:00,267,5,24,9,2017,14,50,46.42030061369758,0.9936162223763997,0.13344024040276758,1459.25,1412.0129418272863,1445.052518975,0,
781,2017-09-24 15:00:00+10:00,267,5,24,9,2017,15,0,48.67344504621358,0.9936162223763997,0.13344024040276758,1313.56,1342.1349229253367,1300.779980692,0,
782,2017-09-24 15:10:00+10:00,267,5,24,9,2017,15,10,50.943786332601306,0.9936162223763997,0.13344024040276758,1161.86,1268.9943123181724,1150.555915502,0,
783,2017-09-24 15:20:00+10:00,267,5,24,9,2017,15,20,53.22895654915696,0.9936162223763997,0.13344024040276758,1227.77,1192.7212031550634,1215.824657339,0,
784,2017-09-24 15:30:00+10:00,267,5,24,9,2017,15,30,55.526949657032944,0.9936162223763997,0.13344024040276758,1033.92,1113.49481304675,1023.8606821440002,0,
785,2017-09-24 15:40:00+10:00,267,5,24,9,2017,15,40,57.8360536669422,0.9936162223763997,0.13344024040276758,854.429,1031.5570992763962,846.1160039303,0,
786,2017-09-24 15:50:00+10:00,267,5,24,9,2017,15,50,60.154796622862456,0.9936162223763997,0.13344024040276758,965.235,947.2267274751949,955.8439391145,0,
787,2017-09-24 16:00:00+10:00,267,5,24,9,2017,16,0,62.48190331353175,0.9936162223763997,0.13344024040276758,895.802,860.9128860277899,887.0864736014,0,
788,2017-09-24 16:10:00+10:00,267,5,24,9,2017,16,10,64.81626034211634,0.9936162223763997,0.13344024040276758,798.502,773.1283954273625,790.7331344914,0,
789,2017-09-24 16:20:00+10:00,267,5,24,9,2017,16,20,67.15688773266098,0.9936162223763997,0.13344024040276758,706.924,684.5015353516176,700.0461243268,0,
790,2017-09-24 16:30:00+10:00,267,5,24,9,2017,16,30,69.50291566748187,0.9936162223763997,0.13344024040276758,584.622,595.786004089969,578.9340371754,0,
791,2017-09-24 16:40:00+10:00,267,5,24,9,2017,16,40,71.85356526457123,0.9936162223763997,0.13344024040276758,525.329,507.86843627893035,520.2179165603,0,
792,2017-09-24 16:50:00+10:00,267,5,24,9,2017,16,50,74.20813254294687,0.9936162223763997,0.13344024040276758,440.97,421.7729362537331,436.67967057900006,0,
793,2017-09-24 17:00:00+10:00,267,5,24,9,2017,17,0,76.56597490530457,0.9936162223763997,0.13344024040276758,358.642,338.66213562000115,355.1526643894,0,
794,2017-09-24 17:10:00+10:00,267,5,24,9,2017,17,10,78.92649960525577,0.9936162223763997,0.13344024040276758,279.804,259.8343541607574,277.0817029428,0,
795,2017-09-24 17:20:00+10:00,267,5,24,9,2017,17,20,81.28915377125928,0.9936162223763997,0.13344024040276758,203.721,186.7165315485658,201.73893727470002,0,
796,2017-09-24 17:30:00+10:00,267,5,24,9,2017,17,30,83.65341563880064,0.9936162223763997,0.13344024040276758,129.957,120.85270154216701,128.6926093599,0,
797,2017-09-24 17:40:00+10:00,267,5,24,9,2017,17,40,86.01878670214187,0.9936162223763997,0.13344024040276758,67.9816,63.887897854669546,67.32018661912001,0,
798,2017-09-24 17:50:00+10:00,267,5,24,9,2017,17,50,88.384784541243,0.9936162223763997,0.13344024040276758,2.55112,17.547508626590385,2.5262993881840003,0,
871,2017-09-25 06:00:00+10:00,268,6,25,9,2017,6,0,88.86169603068134,0.9941892947523172,0.13950973361510371,27.5843,9.657033806804094,27.31929211304,0,
872,2017-09-25 06:10:00+10:00,268,6,25,9,2017,6,10,86.49554053689084,0.9941892947523172,0.13950973361510371,57.9025,53.66892753689825,57.346219102000006,0,
873,2017-09-25 06:20:00+10:00,268,6,25,9,2017,6,20,84.12967480468677,0.9941892947523172,0.13950973361510371,136.919,108.67377534889334,135.60359178320002,0,
874,2017-09-25 06:30:00+10:00,268,6,25,9,2017,6,30,81.76457530713479,0.9941892947523172,0.13950973361510371,241.853,172.93437826620504,239.52946985840003,0,
875,2017-09-25 06:40:00+10:00,268,6,25,9,2017,6,40,79.40073111464424,0.9941892947523172,0.13950973361510371,320.863,244.7883794884847,317.7804049864,0,
876,2017-09-25 06:50:00+10:00,268,6,25,9,2017,6,50,77.0386508478859,0.9941892947523172,0.13950973361510371,451.924,322.66994497497166,447.5822757472,0,
877,2017-09-25 07:00:00+10:00,268,6,25,9,2017,7,0,74.6788702170678,0.9941892947523172,0.13950973361510371,521.794,405.12691771827843,516.7810206832,0,
878,2017-09-25 07:10:00+10:00,268,6,25,9,2017,7,10,72.3219603797726,0.9941892947523172,0.13950973361510371,483.701,490.8333967798183,479.0539877528001,0,
879,2017-09-25 07:20:00+10:00,268,6,25,9,2017,7,20,69.96853738956138,0.9941892947523172,0.13950973361510371,289.543,578.5978219205457,286.76130249040006,0,
880,2017-09-25 07:30:00+10:00,268,6,25,9,2017,7,30,67.61927306211086,0.9941892947523172,0.13950973361510371,471.219,667.3667650043154,466.69190482320005,0,
881,2017-09-25 07:40:00+10:00,268,6,25,9,2017,7,40,65.27490765866348,0.9941892947523172,0.13950973361510371,944.876,756.2247371019364,935.7983872928,0,
882,2017-09-25 07:50:00+10:00,268,6,25,9,2017,7,50,62.93626488335395,0.9941892947523172,0.13950973361510371,972.664,844.3904126920393,963.3194224192,0,
883,2017-09-25 08:00:00+10:00,268,6,25,9,2017,8,0,60.604269818790684,0.9941892947523172,0.13950973361510371,1053.8,931.2097474043818,1043.67593264,0,
884,2017-09-25 08:10:00+10:00,268,6,25,9,2017,8,10,58.279970592949965,0.9941892947523172,0.13950973361510371,1106.0,1016.1465218525269,1095.3744368,0,
885,2017-09-25 08:20:00+10:00,268,6,25,9,2017,8,20,55.96456479327814,0.9941892947523172,0.13950973361510371,1141.19,1098.770880364815,1130.2263594320002,0,
886,2017-09-25 08:30:00+10:00,268,6,25,9,2017,8,30,53.65943193879893,0.9941892947523172,0.13950973361510371,1381.42,1178.7464496045934,1368.148421776,0,
887,2017-09-25 08:40:00+10:00,268,6,25,9,2017,8,40,51.36617371195953,0.9941892947523172,0.13950973361510371,1373.37,1255.8166185739574,1360.175759736,0,
888,2017-09-25 08:50:00+10:00,268,6,25,9,2017,8,50,49.086664170693204,0.9941892947523172,0.13950973361510371,1440.2,1329.7905393346475,1426.36371056,0,
889,2017-09-25 09:00:00+10:00,268,6,25,9,2017,9,0,46.82311284908859,0.9941892947523172,0.13950973361510371,1526.18,1400.5293685363993,1511.5176835040002,0,
890,2017-09-25 09:10:00+10:00,268,6,25,9,2017,9,10,44.57814456432611,0.9941892947523172,0.13950973361510371,1632.91,1467.933215600121,1617.2223070480002,0,
891,2017-09-25 09:20:00+10:00,268,6,25,9,2017,9,20,42.35490094032865,0.9941892947523172,0.13950973361510371,1661.41,1531.9291966669844,1645.4485018480002,0,
892,2017-09-25 09:30:00+10:00,268,6,25,9,2017,9,30,40.157170200577596,0.9941892947523172,0.13950973361510371,1707.17,1592.4609170327853,1690.7688763760002,0,
893,2017-09-25 09:40:00+10:00,268,6,25,9,2017,9,40,37.9895537235158,0.9941892947523172,0.13950973361510371,1726.99,1649.4796218091087,1710.3984616720002,0,
894,2017-09-25 09:50:00+10:00,268,6,25,9,2017,9,50,35.85768017963279,0.9941892947523172,0.13950973361510371,1837.98,1702.9371681835214,1820.322158544,0,
895,2017-09-25 10:00:00+10:00,268,6,25,9,2017,10,0,33.76848059389538,0.9941892947523172,0.13950973361510371,1908.92,1752.780886101475,1890.5806237760003,0,
896,2017-09-25 10:10:00+10:00,268,6,25,9,2017,10,10,31.730539817730847,0.9941892947523172,0.13950973361510371,1810.58,1798.9503105834926,1793.1853958240001,0,
897,2017-09-25 10:20:00+10:00,268,6,25,9,2017,10,20,29.754540225087844,0.9941892947523172,0.13950973361510371,1817.42,1841.3756911494781,1799.9596825760002,0,
898,2017-09-25 10:30:00+10:00,268,6,25,9,2017,10,30,27.853808876612717,0.9941892947523172,0.13950973361510371,1823.59,1879.9781145861227,1806.070406152,0,
899,2017-09-25 10:40:00+10:00,268,6,25,9,2017,10,40,26.044963823037076,0.9941892947523172,0.13950973361510371,1995.68,1914.6710188288357,1976.5071031040002,0,
900,2017-09-25 10:50:00+10:00,268,6,25,9,2017,10,50,24.348617796932817,0.9941892947523172,0.13950973361510371,2028.48,1945.36282985833,2008.9919869440002,0,
901,2017-09-25 11:00:00+10:00,268,6,25,9,2017,11,0,22.790021895715086,0.9941892947523172,0.13950973361510371,2053.61,1971.9604215567492,2033.8805580080002,0,
902,2017-09-25 11:10:00+10:00,268,6,25,9,2017,11,10,21.399400868984678,0.9941892947523172,0.13950973361510371,2076.33,1994.3730812152035,2056.382282424,0,
903,2017-09-25 11:20:00+10:00,268,6,25,9,2017,11,20,20.211548294343363,0.9941892947523172,0.13950973361510371,2072.38,2012.5166610633141,2052.4702308640003,0,
904,2017-09-25 11:30:00+10:00,268,6,25,9,2017,11,30,19.264086903899845,0.9941892947523172,0.13950973361510371,2086.52,2026.3176084744143,2066.4743850560003,0,
905,2017-09-25 11:40:00+10:00,268,6,25,9,2017,11,40,18.593860991622908,0.9941892947523172,0.13950973361510371,2092.01,2035.7165935209262,2071.9116415280005,0,
906,2017-09-25 11:50:00+10:00,268,6,25,9,2017,11,50,18.231512748165855,0.9941892947523172,0.13950973361510371,2085.27,2040.6714909439434,2065.2363940560003,0,
907,2017-09-25 12:00:00+10:00,268,6,25,9,2017,12,0,18.195466614319113,0.9941892947523172,0.13950973361510371,2081.82,2041.1595225401154,2061.8195388960003,0,
908,2017-09-25 12:10:00+10:00,268,6,25,9,2017,12,10,18.48763340354519,0.9941892947523172,0.13950973361510371,2073.89,2037.1784232569962,2053.965723992,0,
909,2017-09-25 12:20:00+10:00,268,6,25,9,2017,12,20,19.092935181030736,0.9941892947523172,0.13950973361510371,2058.62,2028.746557423306,2038.8424259360002,0,
910,2017-09-25 12:30:00+10:00,268,6,25,9,2017,12,30,19.98290297805971,0.9941892947523172,0.13950973361510371,2045.66,2015.9019778111804,2026.0069352480002,0,
911,2017-09-25 12:40:00+10:00,268,6,25,9,2017,12,40,21.12153476732862,0.9941892947523172,0.13950973361510371,2031.1,1998.700486808883,2011.58681608,0,
912,2017-09-25 12:50:00+10:00,268,6,25,9,2017,12,50,22.47099972470711,0.9941892947523172,0.13950973361510371,2004.36,1977.212823038935,1985.103712608,0,
913,2017-09-25 13:00:00+10:00,268,6,25,9,2017,13,0,23.99567988131198,0.9941892947523172,0.13950973361510371,1982.4,1951.5211555432577,1963.3546867200002,0,
914,2017-09-25 13:10:00+10:00,268,6,25,9,2017,13,10,25.664282289850462,0.9941892947523172,0.13950973361510371,1951.44,1921.7151186179003,1932.6921256320002,0,
915,2017-09-25 13:20:00+10:00,268,6,25,9,2017,13,20,27.450481185335974,0.9941892947523172,0.13950973361510371,1915.03,1887.8876612418214,1896.631923784,0,
916,2017-09-25 13:30:00+10:00,268,6,25,9,2017,13,30,29.332700549479807,0.9941892947523172,0.13950973361510371,1875.67,1850.1310138982387,1857.6500631760002,0,
917,2017-09-25 13:40:00+10:00,268,6,25,9,2017,13,40,31.293510830553974,0.9941892947523172,0.13950973361510371,1830.13,1808.5330909608783,1812.5475750640003,0,
918,2017-09-25 13:50:00+10:00,268,6,25,9,2017,13,50,33.31892474285385,0.9941892947523172,0.13950973361510371,1783.83,1763.1746477310899,1766.692388424,0,
919,2017-09-25 14:00:00+10:00,268,6,25,9,2017,14,0,35.39773297293423,0.9941892947523172,0.13950973361510371,1732.15,1714.1274972179351,1715.5088885200003,0,
920,2017-09-25 14:10:00+10:00,268,6,25,9,2017,14,10,37.5209341416895,0.9941892947523172,0.13950973361510371,1677.69,1661.4540629594392,1661.5720966320002,0,
921,2017-09-25 14:20:00+10:00,268,6,25,9,2017,14,20,39.68126916912543,0.9941892947523172,0.13950973361510371,1619.53,1605.208501254767,1603.970851384,0,
922,2017-09-25 14:30:00+10:00,268,6,25,9,2017,14,30,41.872850967760755,0.9941892947523172,0.13950973361510371,1557.72,1545.4395703225782,1542.7546724160002,0,
923,2017-09-25 14:40:00+10:00,268,6,25,9,2017,14,40,44.09087407604556,0.9941892947523172,0.13950973361510371,1490.73,1482.195356837222,1476.408258744,0,
924,2017-09-25 14:50:00+10:00,268,6,25,9,2017,14,50,46.33138844704562,0.9941892947523172,0.13950973361510371,1421.58,1415.5298941959927,1407.922596624,0,
925,2017-09-25 15:00:00+10:00,268,6,25,9,2017,15,0,48.591123516492715,0.9941892947523172,0.13950973361510371,1350.78,1345.5116243011673,1337.802786384,0,
926,2017-09-25 15:10:00+10:00,268,6,25,9,2017,15,10,50.867351185099515,0.9941892947523172,0.13950973361510371,1276.98,1272.2335684718014,1264.711797744,0,
927,2017-09-25 15:20:00+10:00,268,6,25,9,2017,15,20,53.15777874414992,0.9941892947523172,0.13950973361510371,1199.18,1195.8249864190807,1187.659237904,0,
928,2017-09-25 15:30:00+10:00,268,6,25,9,2017,15,30,55.46046480325107,0.9941892947523172,0.13950973361510371,1117.11,1116.4642182261446,1106.3777008079999,0,
929,2017-09-25 15:40:00+10:00,268,6,25,9,2017,15,40,57.773752905177446,0.9941892947523172,0.13950973361510371,1034.85,1034.3923261760174,1024.9079890799999,0,
930,2017-09-25 15:50:00+10:00,268,6,25,9,2017,15,50,60.09621877626924,0.9941892947523172,0.13950973361510371,954.708,949.9270841756355,945.5359293024001,0,
931,2017-09-25 16:00:00+10:00,268,6,25,9,2017,16,0,62.4266281264202,0.9941892947523172,0.13950973361510371,867.118,863.4768053271895,858.7874239504001,0,
932,2017-09-25 16:10:00+10:00,268,6,25,9,2017,16,10,64.76390264408826,0.9941892947523172,0.13950973361510371,779.059,775.5534554867274,771.5744243752,0,
933,2017-09-25 16:20:00+10:00,268,6,25,9,2017,16,20,67.1070923835397,0.9941892947523172,0.13950973361510371,692.739,686.7844746071333,686.0837178792001,0,
934,2017-09-25 16:30:00+10:00,268,6,25,9,2017,16,30,69.45535315735586,0.9941892947523172,0.13950973361510371,605.09,597.9227199848212,599.2767793520001,0,
935,2017-09-25 16:40:00+10:00,268,6,25,9,2017,16,40,71.80792786080993,0.9941892947523172,0.13950973361510371,514.105,509.8539573598631,509.16589044400007,0,
936,2017-09-25 16:50:00+10:00,268,6,25,9,2017,16,50,74.16413089157395,0.9941892947523172,0.13950973361510371,424.126,423.6013576962579,420.0513366928,0,
937,2017-09-25 17:00:00+10:00,268,6,25,9,2017,17,0,76.52333500744591,0.9941892947523172,0.13950973361510371,345.454,340.3265092931943,342.13515433120006,0,
938,2017-09-25 17:10:00+10:00,268,6,25,9,2017,17,10,78.88496010057554,0.9941892947523172,0.13950973361510371,267.075,261.32652590042335,264.50915706,0,
939,2017-09-25 17:20:00+10:00,268,6,25,9,2017,17,20,81.24846346952951,0.9941892947523172,0.13950973361510371,188.767,188.02692033859375,186.9534776776,0,
940,2017-09-25 17:30:00+10:00,268,6,25,9,2017,17,30,83.6133312482249,0.9941892947523172,0.13950973361510371,119.69,121.97001775144469,118.54011423200001,0,
941,2017-09-25 17:40:00+10:00,268,6,25,9,2017,17,40,85.97907070897456,0.9941892947523172,0.13950973361510371,67.5477,64.79880046685392,66.89875573656,0,
942,2017-09-25 17:50:00+10:00,268,6,25,9,2017,17,50,88.34520319979545,0.9941892947523172,0.13950973361510371,34.0935,18.236204442647697,33.7659569268,0,
